{"0": {"eta": 0.5717742959387591, "z0": 0.033783769993661485, "z1": 0.010257256705521883, "decay": 0.8736233793883164, "loss": 41.48923873901367, "X_loss": 5.284445840983421e-13, "reconstruction_loss": 1.5564705774240295e-11}, "1": {"eta": 0.4549705555560064, "z0": 0.02295405519595916, "z1": 0.01380975083239102, "decay": 0.8537392503954786, "loss": 41.81155776977539, "X_loss": 3.571132376357228e-13, "reconstruction_loss": 5.343347834509127e-13}, "2": {"eta": 0.4024934821027122, "z0": 0.030354369554160012, "z1": 0.03424542829386793, "decay": 0.8544954633415447, "loss": 41.52719497680664, "X_loss": 3.4189201491598153e-13, "reconstruction_loss": 2.372215705120917e-12}, "3": {"eta": 0.2708466240158447, "z0": 0.025488533753303358, "z1": 0.04951646324886857, "decay": 0.8485677035541019, "loss": 41.37783432006836, "X_loss": 3.483786067785821e-13, "reconstruction_loss": 1.376612799447452e-12}, "4": {"eta": 0.28111883021046236, "z0": 0.026798414860478494, "z1": 0.02285444004184913, "decay": 0.8555919477594954, "loss": 41.17599868774414, "X_loss": 3.4251258513445793e-13, "reconstruction_loss": 1.4783990004429981e-12}}