{"loss_traj": [3.831803319087612e-09, 4.101084805085975e-09, 3.644421209259008e-09, 3.4847200680587775e-09, 3.365401290977843e-09, 3.6755951615674576e-09, 3.2032336783061055e-09, 2.8275486396722727e-09, 2.7553757053766503e-09, 2.3385422487365304e-09, 2.3040633845283764e-09, 2.5816009330270617e-09, 1.9036920928527934e-09, 1.9976595933002272e-09, 2.0669057576583327e-09, 2.0710386738898023e-09, 1.892156431537728e-09, 1.9164687614647846e-09, 1.6070356156916432e-09, 1.5564519673105792e-09, 1.597971421851696e-09, 1.317859266158905e-09, 1.5185431800901483e-09, 1.4196013253808815e-09, 1.2119792947018482e-09, 1.3262164699767709e-09, 1.082173239908002e-09, 1.0731915356387844e-09, 9.021869917802405e-10, 9.135953105143813e-10, 1.034880292571927e-09, 9.375156206914426e-10, 8.257407535516847e-10, 7.639482935140052e-10, 7.081922825946663e-10, 8.039255372516152e-10, 6.5633443124824e-10, 5.668997493657457e-10, 6.313309319772031e-10, 5.473274611311751e-10, 4.848594858941624e-10, 4.5283407579255197e-10, 5.650189760508795e-10, 4.864206815113903e-10, 4.1121450689018957e-10, 3.602045328676695e-10, 4.4179190861193263e-10, 3.4796587833341164e-10, 3.745966870027928e-10, 3.1301383707216246e-10, 2.845277624619058e-10, 2.400869503205172e-10, 2.452451020040769e-10, 3.053634289873486e-10, 2.195499892998498e-10, 2.2631208018708548e-10, 1.5841783440606605e-10, 1.986595610237174e-10, 1.6442931738414046e-10, 1.474768640541413e-10, 1.667496002388802e-10, 1.4913216495049397e-10, 1.1983999903542042e-10, 1.2758806511303789e-10, 8.940301970961073e-11, 1.1158753088214013e-10, 7.472111818174199e-11, 7.88098197812559e-11, 6.708032740387893e-11, 6.472135327673101e-11, 8.695782982570677e-11, 4.1274088313780766e-11, 5.0293484654684306e-11, 4.351310978201184e-11, 3.565732778487707e-11, 4.8667441604477446e-11, 3.501493192614724e-11, 4.893088711988014e-11, 3.798225275963851e-11, 3.459625988466719e-11, 3.6998223928996765e-11, 2.427806046478853e-11, 2.6213914719463993e-11, 2.0263801053799213e-11, 2.3380582192533694e-11, 1.7989346123847838e-11, 1.6061912216924767e-11, 2.1056734481050832e-11, 2.2883792083483456e-11, 1.3769241823113898e-11, 1.4038245392533621e-11, 1.1611932769495237e-11, 1.1460268498075799e-11, 1.1818060419166443e-11, 9.02708463534907e-12, 1.0626485802411878e-11, 9.97874786273778e-12, 8.328488072806284e-12, 1.0094311671260403e-11, 8.455240847748957e-12], "z0_traj": [0.0, -0.004022284876555204, -0.005696067586541176, -0.006484378594905138, -0.006666949018836021, -0.00664807902649045, -0.006548484321683645, -0.006430340930819511, -0.006365636829286814, -0.006695335730910301, -0.006914020050317049, -0.007077197078615427, -0.00718201557174325, -0.007227831054478884, -0.007220401894301176, -0.007164674811065197, -0.007063759490847588, -0.006933741271495819, -0.00677288044244051, -0.006591802462935448, -0.006398218683898449, -0.006192674394696951, -0.005981211084872484, -0.005764005705714226, -0.005540225189179182, -0.005315674934536219, -0.0050889491103589535, -0.004863198846578598, -0.004639109596610069, -0.004422623664140701, -0.00420892471447587, -0.003996955696493387, -0.0037888651713728905, -0.0035837979521602392, -0.003382613882422447, -0.0031877662986516953, -0.0029966947622597218, -0.0028110905550420284, -0.002632398623973131, -0.002457430586218834, -0.0022872660774737597, -0.002125153783708811, -0.0019690918270498514, -0.0018180388724431396, -0.0016725016757845879, -0.0015329585876315832, -0.0014000163646414876, -0.0012706915149465203, -0.0011478060623630881, -0.0010291077196598053, -0.0009156024898402393, -0.0008068915922194719, -0.0007040697964839637, -0.0006053929100744426, -0.0005101396236568689, -0.00041937895002774894, -0.00033246964449062943, -0.0002505916927475482, -0.00017178512644022703, -9.687933197710663e-05, -2.588056850072462e-05, 4.1857652831822634e-05, 0.0001064409880200401, 0.00016723205044399947, 0.0002251498808618635, 0.0002794000320136547, 0.00033091430668719113, 0.0003791715716943145, 0.00042441452387720346, 0.0004668345209211111, 0.0005068194586783648, 0.0005449936143122613, 0.0005805421387776732, 0.0006140162004157901, 0.0006454551476053894, 0.0006747997249476612, 0.0007025692029856145, 0.0007284703897312284, 0.0007530627190135419, 0.000776144559495151, 0.0007979401852935553, 0.0008185139740817249, 0.0008377056219615042, 0.000855813967064023, 0.0008727586246095598, 0.0008886511204764247, 0.0009035183466039598, 0.0009174270089715719, 0.0009306080755777657, 0.0009431720827706158, 0.0009549785172566772, 0.0009660798241384327, 0.0009764850256033242, 0.000986213912256062, 0.0009953201515600085, 0.0010038443142548203, 0.0010118418140336871, 0.0010193552589043975, 0.0010263924486935139, 0.0010330833029001951, 0.0010393946431577206], "z1_traj": [0.0, -0.0002730180276557803, 0.0003121232148259878, 0.0011215198319405317, 0.0021178643219172955, 0.0032676171977072954, 0.004477144684642553, 0.0056953513994812965, 0.0069049750454723835, 0.008104695938527584, 0.009274331852793694, 0.01042630523443222, 0.011580380611121655, 0.012699460610747337, 0.013795451261103153, 0.014878476038575172, 0.015952421352267265, 0.017012279480695724, 0.018067050725221634, 0.01910463161766529, 0.020122092217206955, 0.021131524816155434, 0.02211832068860531, 0.023100588470697403, 0.024073153734207153, 0.025029441341757774, 0.02597888931632042, 0.02690606191754341, 0.027817776426672935, 0.02870364487171173, 0.029572436586022377, 0.03043409064412117, 0.03128740191459656, 0.03212197497487068, 0.03293843939900398, 0.0337357372045517, 0.03452582657337189, 0.03529787063598633, 0.036049503833055496, 0.03678864613175392, 0.037511393427848816, 0.0382145419716835, 0.038899440318346024, 0.03958311676979065, 0.040257591754198074, 0.040915556252002716, 0.041554320603609085, 0.04218888282775879, 0.04280728101730347, 0.04341548681259155, 0.044010479003190994, 0.04458969458937645, 0.045149900019168854, 0.0456962063908577, 0.046239860355854034, 0.046770330518484116, 0.0472903735935688, 0.04779007285833359, 0.04828036576509476, 0.04875658452510834, 0.049217529594898224, 0.04966970160603523, 0.05011148750782013, 0.05053902417421341, 0.05095591023564339, 0.051355574280023575, 0.05174615979194641, 0.05211954563856125, 0.05247972160577774, 0.05282559618353844, 0.05315832421183586, 0.05348554998636246, 0.053795043379068375, 0.054091926664114, 0.05437566712498665, 0.05464578792452812, 0.05490870401263237, 0.055160172283649445, 0.05540749803185463, 0.05564683675765991, 0.05587794631719589, 0.05610295757651329, 0.056317299604415894, 0.05652337148785591, 0.056719765067100525, 0.056908804923295975, 0.057088837027549744, 0.05726005509495735, 0.05742613598704338, 0.05758855491876602, 0.05774303525686264, 0.05789094418287277, 0.05803147703409195, 0.05816541984677315, 0.058293819427490234, 0.05841536447405815, 0.058531999588012695, 0.058643706142902374, 0.0587502084672451, 0.05885331705212593, 0.05895228683948517],